InvoiceId	CustomerId	InvoiceDate	BillingAddress	BillingCity	BillingState	BillingCountry	BillingPostalCode	Total	CustomerId	FirstName	LastName	Company	Address	City	State	Country	PostalCode	Phone	Fax	Email	SupportRepId
98	1	2010-03-11 00:00:00	Av. Brigadeiro Faria Lima, 2170	São José dos Campos	SP	Brazil	12227-000	3.98	1	Luís	Gonçalves	Embraer - Empresa Brasileira de Aeronáutica S.A.	Av. Brigadeiro Faria Lima, 2170	São José dos Campos	SP	Brazil	12227-000	+55 (12) 3923-5555	+55 (12) 3923-5566	luisg@embraer.com.br	3
121	1	2010-06-13 00:00:00	Av. Brigadeiro Faria Lima, 2170	São José dos Campos	SP	Brazil	12227-000	3.96	1	Luís	Gonçalves	Embraer - Empresa Brasileira de Aeronáutica S.A.	Av. Brigadeiro Faria Lima, 2170	São José dos Campos	SP	Brazil	12227-000	+55 (12) 3923-5555	+55 (12) 3923-5566	luisg@embraer.com.br	3
143	1	2010-09-15 00:00:00	Av. Brigadeiro Faria Lima, 2170	São José dos Campos	SP	Brazil	12227-000	5.94	1	Luís	Gonçalves	Embraer - Empresa Brasileira de Aeronáutica S.A.	Av. Brigadeiro Faria Lima, 2170	São José dos Campos	SP	Brazil	12227-000	+55 (12) 3923-5555	+55 (12) 3923-5566	luisg@embraer.com.br	3
195	1	2011-05-06 00:00:00	Av. Brigadeiro Faria Lima, 2170	São José dos Campos	SP	Brazil	12227-000	0.99	1	Luís	Gonçalves	Embraer - Empresa Brasileira de Aeronáutica S.A.	Av. Brigadeiro Faria Lima, 2170	São José dos Campos	SP	Brazil	12227-000	+55 (12) 3923-5555	+55 (12) 3923-5566	luisg@embraer.com.br	3
316	1	2012-10-27 00:00:00	Av. Brigadeiro Faria Lima, 2170	São José dos Campos	SP	Brazil	12227-000	1.98	1	Luís	Gonçalves	Embraer - Empresa Brasileira de Aeronáutica S.A.	Av. Brigadeiro Faria Lima, 2170	São José dos Campos	SP	Brazil	12227-000	+55 (12) 3923-5555	+55 (12) 3923-5566	luisg@embraer.com.br	3
327	1	2012-12-07 00:00:00	Av. Brigadeiro Faria Lima, 2170	São José dos Campos	SP	Brazil	12227-000	13.86	1	Luís	Gonçalves	Embraer - Empresa Brasileira de Aeronáutica S.A.	Av. Brigadeiro Faria Lima, 2170	São José dos Campos	SP	Brazil	12227-000	+55 (12) 3923-5555	+55 (12) 3923-5566	luisg@embraer.com.br	3
382	1	2013-08-07 00:00:00	Av. Brigadeiro Faria Lima, 2170	São José dos Campos	SP	Brazil	12227-000	8.91	1	Luís	Gonçalves	Embraer - Empresa Brasileira de Aeronáutica S.A.	Av. Brigadeiro Faria Lima, 2170	São José dos Campos	SP	Brazil	12227-000	+55 (12) 3923-5555	+55 (12) 3923-5566	luisg@embraer.com.br	3
25	10	2009-04-09 00:00:00	Rua Dr. Falcão Filho, 155	São Paulo	SP	Brazil	01007-010	8.91	10	Eduardo	Martins	Woodstock Discos	Rua Dr. Falcão Filho, 155	São Paulo	SP	Brazil	01007-010	+55 (11) 3033-5446	+55 (11) 3033-4564	eduardo@woodstock.com.br	4
154	10	2010-11-14 00:00:00	Rua Dr. Falcão Filho, 155	São Paulo	SP	Brazil	01007-010	1.98	10	Eduardo	Martins	Woodstock Discos	Rua Dr. Falcão Filho, 155	São Paulo	SP	Brazil	01007-010	+55 (11) 3033-5446	+55 (11) 3033-4564	eduardo@woodstock.com.br	4
177	10	2011-02-16 00:00:00	Rua Dr. Falcão Filho, 155	São Paulo	SP	Brazil	01007-010	3.96	10	Eduardo	Martins	Woodstock Discos	Rua Dr. Falcão Filho, 155	São Paulo	SP	Brazil	01007-010	+55 (11) 3033-5446	+55 (11) 3033-4564	eduardo@woodstock.com.br	4
199	10	2011-05-21 00:00:00	Rua Dr. Falcão Filho, 155	São Paulo	SP	Brazil	01007-010	5.94	10	Eduardo	Martins	Woodstock Discos	Rua Dr. Falcão Filho, 155	São Paulo	SP	Brazil	01007-010	+55 (11) 3033-5446	+55 (11) 3033-4564	eduardo@woodstock.com.br	4
251	10	2012-01-09 00:00:00	Rua Dr. Falcão Filho, 155	São Paulo	SP	Brazil	01007-010	0.99	10	Eduardo	Martins	Woodstock Discos	Rua Dr. Falcão Filho, 155	São Paulo	SP	Brazil	01007-010	+55 (11) 3033-5446	+55 (11) 3033-4564	eduardo@woodstock.com.br	4
372	10	2013-07-02 00:00:00	Rua Dr. Falcão Filho, 155	São Paulo	SP	Brazil	01007-010	1.98	10	Eduardo	Martins	Woodstock Discos	Rua Dr. Falcão Filho, 155	São Paulo	SP	Brazil	01007-010	+55 (11) 3033-5446	+55 (11) 3033-4564	eduardo@woodstock.com.br	4
383	10	2013-08-12 00:00:00	Rua Dr. Falcão Filho, 155	São Paulo	SP	Brazil	01007-010	13.86	10	Eduardo	Martins	Woodstock Discos	Rua Dr. Falcão Filho, 155	São Paulo	SP	Brazil	01007-010	+55 (11) 3033-5446	+55 (11) 3033-4564	eduardo@woodstock.com.br	4
57	11	2009-09-06 00:00:00	Av. Paulista, 2022	São Paulo	SP	Brazil	01310-200	1.98	11	Alexandre	Rocha	Banco do Brasil S.A.	Av. Paulista, 2022	São Paulo	SP	Brazil	01310-200	+55 (11) 3055-3278	+55 (11) 3055-8131	alero@uol.com.br	5
68	11	2009-10-17 00:00:00	Av. Paulista, 2022	São Paulo	SP	Brazil	01310-200	13.86	11	Alexandre	Rocha	Banco do Brasil S.A.	Av. Paulista, 2022	São Paulo	SP	Brazil	01310-200	+55 (11) 3055-3278	+55 (11) 3055-8131	alero@uol.com.br	5
123	11	2010-06-17 00:00:00	Av. Paulista, 2022	São Paulo	SP	Brazil	01310-200	8.91	11	Alexandre	Rocha	Banco do Brasil S.A.	Av. Paulista, 2022	São Paulo	SP	Brazil	01310-200	+55 (11) 3055-3278	+55 (11) 3055-8131	alero@uol.com.br	5
252	11	2012-01-22 00:00:00	Av. Paulista, 2022	São Paulo	SP	Brazil	01310-200	1.98	11	Alexandre	Rocha	Banco do Brasil S.A.	Av. Paulista, 2022	São Paulo	SP	Brazil	01310-200	+55 (11) 3055-3278	+55 (11) 3055-8131	alero@uol.com.br	5
275	11	2012-04-25 00:00:00	Av. Paulista, 2022	São Paulo	SP	Brazil	01310-200	3.96	11	Alexandre	Rocha	Banco do Brasil S.A.	Av. Paulista, 2022	São Paulo	SP	Brazil	01310-200	+55 (11) 3055-3278	+55 (11) 3055-8131	alero@uol.com.br	5
297	11	2012-07-28 00:00:00	Av. Paulista, 2022	São Paulo	SP	Brazil	01310-200	5.94	11	Alexandre	Rocha	Banco do Brasil S.A.	Av. Paulista, 2022	São Paulo	SP	Brazil	01310-200	+55 (11) 3055-3278	+55 (11) 3055-8131	alero@uol.com.br	5
349	11	2013-03-18 00:00:00	Av. Paulista, 2022	São Paulo	SP	Brazil	01310-200	0.99	11	Alexandre	Rocha	Banco do Brasil S.A.	Av. Paulista, 2022	São Paulo	SP	Brazil	01310-200	+55 (11) 3055-3278	+55 (11) 3055-8131	alero@uol.com.br	5
34	12	2009-05-23 00:00:00	Praça Pio X, 119	Rio de Janeiro	RJ	Brazil	20040-020	0.99	12	Roberto	Almeida	Riotur	Praça Pio X, 119	Rio de Janeiro	RJ	Brazil	20040-020	+55 (21) 2271-7000	+55 (21) 2271-7070	roberto.almeida@riotur.gov.br	3
155	12	2010-11-14 00:00:00	Praça Pio X, 119	Rio de Janeiro	RJ	Brazil	20040-020	1.98	12	Roberto	Almeida	Riotur	Praça Pio X, 119	Rio de Janeiro	RJ	Brazil	20040-020	+55 (21) 2271-7000	+55 (21) 2271-7070	roberto.almeida@riotur.gov.br	3
166	12	2010-12-25 00:00:00	Praça Pio X, 119	Rio de Janeiro	RJ	Brazil	20040-020	13.86	12	Roberto	Almeida	Riotur	Praça Pio X, 119	Rio de Janeiro	RJ	Brazil	20040-020	+55 (21) 2271-7000	+55 (21) 2271-7070	roberto.almeida@riotur.gov.br	3
221	12	2011-08-25 00:00:00	Praça Pio X, 119	Rio de Janeiro	RJ	Brazil	20040-020	8.91	12	Roberto	Almeida	Riotur	Praça Pio X, 119	Rio de Janeiro	RJ	Brazil	20040-020	+55 (21) 2271-7000	+55 (21) 2271-7070	roberto.almeida@riotur.gov.br	3
350	12	2013-03-31 00:00:00	Praça Pio X, 119	Rio de Janeiro	RJ	Brazil	20040-020	1.98	12	Roberto	Almeida	Riotur	Praça Pio X, 119	Rio de Janeiro	RJ	Brazil	20040-020	+55 (21) 2271-7000	+55 (21) 2271-7070	roberto.almeida@riotur.gov.br	3
373	12	2013-07-03 00:00:00	Praça Pio X, 119	Rio de Janeiro	RJ	Brazil	20040-020	3.96	12	Roberto	Almeida	Riotur	Praça Pio X, 119	Rio de Janeiro	RJ	Brazil	20040-020	+55 (21) 2271-7000	+55 (21) 2271-7070	roberto.almeida@riotur.gov.br	3
395	12	2013-10-05 00:00:00	Praça Pio X, 119	Rio de Janeiro	RJ	Brazil	20040-020	5.94	12	Roberto	Almeida	Riotur	Praça Pio X, 119	Rio de Janeiro	RJ	Brazil	20040-020	+55 (21) 2271-7000	+55 (21) 2271-7070	roberto.almeida@riotur.gov.br	3
35	13	2009-06-05 00:00:00	Qe 7 Bloco G	Brasília	DF	Brazil	71020-677	1.98	13	Fernanda	Ramos		Qe 7 Bloco G	Brasília	DF	Brazil	71020-677	+55 (61) 3363-5547	+55 (61) 3363-7855	fernadaramos4@uol.com.br	4
58	13	2009-09-07 00:00:00	Qe 7 Bloco G	Brasília	DF	Brazil	71020-677	3.96	13	Fernanda	Ramos		Qe 7 Bloco G	Brasília	DF	Brazil	71020-677	+55 (61) 3363-5547	+55 (61) 3363-7855	fernadaramos4@uol.com.br	4
80	13	2009-12-10 00:00:00	Qe 7 Bloco G	Brasília	DF	Brazil	71020-677	5.94	13	Fernanda	Ramos		Qe 7 Bloco G	Brasília	DF	Brazil	71020-677	+55 (61) 3363-5547	+55 (61) 3363-7855	fernadaramos4@uol.com.br	4
132	13	2010-07-31 00:00:00	Qe 7 Bloco G	Brasília	DF	Brazil	71020-677	0.99	13	Fernanda	Ramos		Qe 7 Bloco G	Brasília	DF	Brazil	71020-677	+55 (61) 3363-5547	+55 (61) 3363-7855	fernadaramos4@uol.com.br	4
253	13	2012-01-22 00:00:00	Qe 7 Bloco G	Brasília	DF	Brazil	71020-677	1.98	13	Fernanda	Ramos		Qe 7 Bloco G	Brasília	DF	Brazil	71020-677	+55 (61) 3363-5547	+55 (61) 3363-7855	fernadaramos4@uol.com.br	4
264	13	2012-03-03 00:00:00	Qe 7 Bloco G	Brasília	DF	Brazil	71020-677	13.86	13	Fernanda	Ramos		Qe 7 Bloco G	Brasília	DF	Brazil	71020-677	+55 (61) 3363-5547	+55 (61) 3363-7855	fernadaramos4@uol.com.br	4
319	13	2012-11-01 00:00:00	Qe 7 Bloco G	Brasília	DF	Brazil	71020-677	8.91	13	Fernanda	Ramos		Qe 7 Bloco G	Brasília	DF	Brazil	71020-677	+55 (61) 3363-5547	+55 (61) 3363-7855	fernadaramos4@uol.com.br	4
